CFly (nF),RSW,IIn (mA),VIn,IOut (mA),VOut,eta,A,IIn (calc),IOut (calc),Eff (calc)
1,0.1,292.08,2.5,639.43,1,0.8756915913,1,0.2916666667,0.6388888889,0.8761904762
1,1,293.49,2.5,639.61,1,0.8717298715,0.9816843611,0.293042987,0.6393476623,0.8727015362
1,2,303.74,2.5,643.2,1,0.8470402318,0.8646647168,0.3028708651,0.6426236217,0.8487097252
1,3,317.22,2.5,647.8,1,0.8168463527,0.7364028619,0.3162279309,0.647075977,0.8184931358
1,4,330.9,2.5,652.42,1,0.788661227,0.6321205588,0.3298392611,0.651613087,0.7902189508